title,Price
"NAKPRO Platinum Plus+ Whey Protein Isolate with Digestive Enzymes | 28g Protein, 6.36g BCAA | Added Vitamins & Minerals (Coffee, 1 Kg)","₹2,099"
"Bigmuscles Nutrition Nitra Edge Isolate Whey Protein [ 2lbs, Belgian Chocolate] | 32g Protein | 13.5g EAA | 6g BCAA per serving | 3g Creatine | Muscle Building Formula",
"Fast&Up Whey Protein Pure Isolate, Ultra low carb (Rich Chocolate flavour) 26g protein per serve, Low lactose, Gluten free, 930g -30 servings",
"BON PURE WHEY | 1 Kg, 28 Servings Belgian Chocolate|The HOLISTIC WHEY PROTEIN | Muscle Building, Bone Strength, Immunity, Healthy Skin, Hair and Nails (Pack of 1)","₹1,999"
"Optimum Nutrition (ON) Gold Standard 100% Whey (2 lbs/907 g) (Double Rich Chocolate) Protein Powder for Muscle Support & Recovery, Vegetarian - Primary Source Whey Isolate",
"Bigmuscles Nutrition Essential Whey Protein 1Kg [Dutch Chocolate] | 24g Protein/serving with Digestive Enzymes,Vitamin & Minerals, No Added Sugar|Improved Strength , Faster Recovery & Muscle Building",₹975
AS-IT-IS ATOM Whey Protein 1kg with Digestive Enzymes | USA Labdoor Certified for Accuracy & Purity | Double Rich Chocolate flavor | 27g protein | 5.7g BCAA,
"MuscleBlaze Biozyme Performance Whey Protein (Rich Chocolate, 1 kg / 2.2 lb) | Clinically Tested 50% Higher Protein Absorption | Informed Choice UK, Labdoor USA Certified & US Patent Filed EAF®",
Bigmuscles Nutrition Premium Gold Whey 1Kg | Isolate Whey Protein Blend [Belgian Chocolate] | USA FDA REGD. BRAND | 25g Protein Per Serving | 5.5g BCAA,"₹1,599"
"MuscleBlaze Beginner's Whey Protein (Chocolate, 1 kg / 2.2 lb) No Added Sugar, Faster Muscle Recovery & Improved Strength",
"Bigmuscles Nutrition Crude Whey - 1 kg (Rich Chocolate) | US FDA REGD. BRAND | Whey Protein Concentrate 80%, 24g Protein, 5.5g BCAA, 4 g Glutamine",
"Optimum Nutrition (ON) Gold Standard 100% Whey Protein 454 g Double Rich Chocolate for Muscle Support & Recovery, Vegetarian - Primary Source Whey Isolate","₹1,741"
"Muscle Asylum Premium Whey Protein 1kg (Double Chocolate) l 24g Protein/Serving For Muscle Building & Recovery, 25 Servings",
"MuscleBlaze 18 g Protein Shake, No Added Sugar, Lactose Free, Weight Management, Strawberry Cream, Pack of 6 (200 ml*6)",
"NAKPRO PLATINUM 100% Whey Protein Isolate | 28g Protein, 6.36g BCAA | Easy Mixing, Low Carbs, Easy Digesting Whey Protein Supplement Powder for Men, Women & Athletes (1 Kg, Chocolate)","₹1,994"
"MuscleBlaze Fuel One Whey Protein (Chocolate 1 kg / 2.2 lb) 5.29 g BCAA, 4.2 g Glutamic Acid",
"Optimum Nutrition (ON) Gold Standard 100% Whey Protein Powder (Vanilla Ice Cream)2 lbs, 907 g, for Muscle Support & Recovery, Vegetarian - Primary Source Whey Isolate",
"Optimum Nutrition (ON) Gold Standard 100% Whey (5 lbs/2.27 kg)(Double Rich Chocolate) Protein Powder Primary Source Isolate,For Men and Women","₹6,884"
"MuscleBlaze Raw Whey Protein Concentrate 80% with Added Digestive Enzymes, Labdoor USA Certified (Unflavoured, 1 kg / 2.2 lb)",
"NAKPRO GOLD 100% Whey Protein Concentrate|24.76g Protein, 5.42g BCAA|Easy Mixing,Low Carbs,Easy Digesting Whey Protein Supplement Powder for Men, Women & Athletes|1 Kg Chocolate Flavour (30 Servings)","₹1,699"
"Ensure High Protein Drink for Physically Active Adults - Chocolate 400g, Red",
"Ensure High Protein Drink for Physically Active Adults - Vanilla 400g, Red",
"Optimum Nutrition (ON) Gold Standard 100% Whey (5 lbs/2.27 kg)(Double Rich Chocolate) Protein Powder Primary Source Isolate,For Men and Women","₹6,884"
Bigmuscles Nutrition Premium Gold Whey 2Kg Whey Protein Isolate Blend [Belgian chocolate]|USA FDA REGD. BRAND | 25g Protein Per Serving,
AVVATAR WHEY PROTEIN | 1KG | Unflavoured | Made with Fresh Cow's Milk,
"Bigmuscles Nutrition Frotein 26g Refreshing Mango Flavored Hydrolysed Whey Protein Isolate [30 Servings, 1 kg] | 15g EAA | 0g Sugar","₹1,631.04"
"NAKPRO Perform Whey Protein Concentrate | 24g Protein, 5.3g BCAA per Serving | Muscle Recovery Workout Drink, Lean Muscle Growth (Chocolate, 1 Kg)",
"Muscle Asylum Premium Whey Protein (With Real Cookies Inside) 1kg l 24g Protein/Serving For Muscle Building & Recovery, 25 Servings (Cookie Cream)",
"AS-IT-IS Nutrition Whey Protein Concentrate 80% Unflavoured, Labdoor Certified (500Gm)",
"Optimum Nutrition (ON) Gold Standard 100% Whey Protein Powder 1.7 Kg (Double Rich Chocolate), 55 Serves, for Muscle Support & Recovery, Vegetarian - Primary Source Whey Isolate",
"RiteBite Max Protein Plant Protein Assortment Pack of 10 | 2 Swiss Chocolate | 2 Alphonso Mango | 2 Digestive Masala | 1 Cold Coffee | 1 Banana Caramel | 1 Creamy Vanilla | 1 Dark chocolate| 22gm Tasty Vegan Protein| No Added Sugar| For Men, Women",
"GNC Pro Performance 100% Whey Protein Powder | Boosts Strength & Endurance | Builds Lean Muscles | Fastens Muscle Recovery | Formulated In USA | 24g Protein | 5.5g BCAA (Chocolate Fudge, 4 lbs)",
"Optimum Nutrition (ON) Gold Standard 100% Whey Protein Powder 5 lb (+10% Extra), 2.5 kg (Vanilla Ice Cream), for Muscle Support & Recovery, Vegetarian - Primary Source Whey Isolate",
"XLR8 Whey Protein Powder with 24 g Protein, 5.4 g BCAA - 2 Lbs / 908 g (Chocolate)",
GNC Pro Performance Power Protein | Boosts Athletic Performance & Testosterone | High-Speed Recovery | USA Formulated | 30g Protein | 2.2g L-Glutamine | 1.5g Creatine | Double Rich Chocolate | 4 lbs,
"Isopure Low Carb Whey Protein Isolate Powder 2.20 lbs, 1 kg (Dutch Chocolate), 25g Protein per serve, Gluten-Free, Aspartame-Free, Vegetarian protein for Men & Women. Offer Pack",
"Bigmuscles Nutrition Nitra Edge Isolate Whey Protein [ 2lbs, Belgian Chocolate] | 32g Protein | 13.5g EAA | 6g BCAA per serving | 3g Creatine | Muscle Building Formula",
"MyFitFuel MFF Whey Protein 80 | 1Kg, 30 Servings (Rich Chocolate Delight)","₹1,499"
"Abbzorb Whey Protein, 26.22g Protein, 5.46g BCAA per serving with Digestive Enzymes, Guaranteed Lab Report - Chocolate - 1kg","₹2,099"
"Bigmuscles Nutrition Performance Whey Protein [1Kg, Belgian Chocolate] | 24g Isolate Whey Protein Blend | 6.7g BCAAs, L-Glutamine, L-Arginine, Taurine, L-Leucine | Kosher Certified, HACCP Project Verified, CGMP Certified, FFSC 22000 Certified Facility Product",
"HealthOxide My First Protein with whey, casein & pea, Chocolate – 1 kg",
"NAKPRO Vegan Plant Protein Powder| 24.09g Protein, 4.6g BCAA | Pea Protein and Brown Rice Protein Powder for Muscle Gain and Recovery | Plant based Protein for Men & Women (Chocolate, 1Kg)",₹949
"OZiva Protein & Herbs for Women to Reduce Body Fat, Manage Weight & Metabolism | Protein Powder for Women with 23g Whey Protein, Ayurvedic Herbs & Vitamins, No Added Sugar, Certified Clean, 500 g (Chocolate)",
"Mypro Sport Nutrition Daily Protein Shake 118 kcal Calories, 25 Vitamin -Serving -40- For Men & Women Chocolate Milk Shake Flavor For 400Gm",
"MuscleTech Whey Protein Powder Chocolate Flavour, 1.81 kg With Whey Isolates & Peptides Performance Series Nitro Tech","₹5,390"
Herbalife Personalized Protein Powder PPP 200GM,
"Scitron Advance Whey Protein 1kg (Milk Chocolate) (28.5 Servings, 25.5g Protein, 6g BCAAs, 0g Sugar, 20 Vitamins & Minerals)",
"NAKPRO GOLD 100% Whey Protein Concentrate 1 Kg Unflavored (30 Servings) |Easy Mixing, Low Carbs, Easy Digesting Whey Protein Supplement Powder for Men, Women & Athletes","₹1,599"
GNC AMP Pure Isolate Low Carb | Boosts Athletic Performance | Builds Lean Muscles | Speeds Up Recovery | Increases Strength | USA Formulated | 25g Protein | 6g BCAA | Chocolate Frosting | 4 lbs,
"Abbzorb Zero Carb Isolate 95%, 31.3g Protein per serving with Digestive Enzymes, Guaranteed Lab Report - Unflavoured - 1kg","₹2,899"
AS-IT-IS Nutrition Whey Protein Isolate 90% - 1 kg | Protein 27g & BCAA 5.9g per serving,"₹2,335"
"MuscleBlaze Beginner's Whey Protein (Chocolate, 1 kg / 2.2 lb) No Added Sugar, Faster Muscle Recovery & Improved Strength with Shaker, 650 ml (Combo Pack)",
Bigmuscles Nutrition Raw & Real Isolate Organic Whey Protein Powder [Pack of 1Kg] Unflavored | Natural 90% Isolate Whey Protein | Additives Free | 27g Protein With 5.5g BCAA & 4g Glutamine,
"MuscleTech Nitro-Tech Whey Protein | Protein + Creatine for Muscle Gain | Muscle Builder for Men & Women | Sports Nutrition | Cookies & Cream, 450g",
"Asitis Nutrition ATOM Whey Protein Isolate 1kg | 30g protein, 6.1g BCAA & 13g EAA | Ultra-Pure Fast Acting Protein | Mango Delight Flavor",
"BSN Syntha 6 Protein Powder - 5 lbs, 2.27 kg (Chocolate Milkshake), Premium Protein Matrix (Whey Protein, Micellar Casein), for Muscle Recovery. Vegetarian.",
"NAKPRO Gold Plus+ Whey Protein Concentrate with Digestive Enzymes | 25.46g Protein, 5.57g BCAA | Added Vitamins & Minerals (Mango, 1 Kg)",
"NAKPRO GOLD Whey Protein Concentrate | 24.76g Protein, 5.42g BCAA | Muscle Gain, Strength, Muscle Recovery, Fast Absorbing Protein Powder for Men, Women & Athletes (1 Kg, Banana)",
"NAKPRO Platinum Plus+ Whey Protein Isolate with Digestive Enzymes | 28g Protein, 6.36g BCAA |Added Vitamins & Minerals (Chocolate - Double Rich, 1 Kg)","₹2,125"
"Ketones Bulk Premium Whey Pack of 2KG Whey Protein Concentrate, Whey Imported from USA, 24G Protein Per Serving Belgian Chocolate (Belgian Chocolate, 2.0 kg)",
